{
    "result": {
        "status": 200,
        "message": "성공적으로 처리하였습니다."
    },
    "data": {
        "id": 219,
        "iso_code": "JP",
        "description": null,
        "key_name": "Japan",
        "cover_image_url": "https://d32w679339tzui.cloudfront.net/landscapes/390_medium_1435043113.jpg?1435043113",
        "name": "일본",
        "hotels": [
                   {
                   "hotel_id": 484406,
                   "hotel_name": "InterContinental Hotel Osaka",
                   "image_url": "https://q-xx.bstatic.com/images/hotel/max500/544/54467523.jpg",
                   "link_url": "https://sp.booking.com/hotel/jp/intercontinental-osaka.html?aid=1138078&label=ios_city_new_card&checkin=2018-04-29&checkout=2018-04-30",
                   "min_price": 502433,
                   "review_score": 9.2,
                   "review_count": 877,
                   "review_score_word": "최고"
                   },
                   {
                   "hotel_id": 179803,
                   "hotel_name": "힐튼 오사카 호텔",
                   "image_url": "https://q-xx.bstatic.com/images/hotel/max500/117/117976330.jpg",
                   "link_url": "https://sp.booking.com/hotel/jp/hilton-osaka.html?aid=1138078&label=ios_city_new_card&checkin=2018-04-29&checkout=2018-04-30",
                   "min_price": 373706,
                   "review_score": 8.5,
                   "review_count": 1478,
                   "review_score_word": "매우 좋음"
                   },
                   {
                   "hotel_id": 254287,
                   "hotel_name": "크로스 호텔 오사카",
                   "image_url": "https://q-xx.bstatic.com/images/hotel/max500/649/6495974.jpg",
                   "link_url": "https://sp.booking.com/hotel/jp/cross-osaka.html?aid=1138078&label=ios_city_new_card&checkin=2018-04-29&checkout=2018-04-30",
                   "min_price": 212638,
                   "review_score": 8.8,
                   "review_count": 2804,
                   "review_score_word": "우수함"
                   },
                   {
                   "hotel_id": 383565,
                   "hotel_name": "코트야드 바이 메리어트 신오사카 스테이션",
                   "image_url": "https://q-xx.bstatic.com/images/hotel/max500/774/77401904.jpg",
                   "link_url": "https://sp.booking.com/hotel/jp/courtyard-by-marriott-shinosaka-station.html?aid=1138078&label=ios_city_new_card&checkin=2018-04-29&checkout=2018-04-30",
                   "min_price": 335624,
                   "review_score": 8.8,
                   "review_count": 2242,
                   "review_score_word": "우수함"
                   },
                   {
                   "hotel_id": 804993,
                   "hotel_name": "오사카 메리어트 미야코 호텔 ",
                   "image_url": "https://q-xx.bstatic.com/images/hotel/max500/305/30580782.jpg",
                   "link_url": "https://sp.booking.com/hotel/jp/osaka-marriott-miyako.html?aid=1138078&label=ios_city_new_card&checkin=2018-04-29&checkout=2018-04-30",
                   "min_price": 434551,
                   "review_score": 9.4,
                   "review_count": 1973,
                   "review_score_word": "최고"
                   },
                   {
                   "hotel_id": 2228703,
                   "hotel_name": "콘래드 오사카",
                   "image_url": "https://q-xx.bstatic.com/images/hotel/max500/102/102281976.jpg",
                   "link_url": "https://sp.booking.com/hotel/jp/conrad-osaka.html?aid=1138078&label=ios_city_new_card&checkin=2018-04-29&checkout=2018-04-30",
                   "min_price": 594637,
                   "review_score": 9,
                   "review_count": 143,
                   "review_score_word": "최고"
                   },
                   {
                   "hotel_id": 311819,
                   "hotel_name": "이비스 스타일스 오사카",
                   "image_url": "https://q-xx.bstatic.com/images/hotel/max500/689/68977415.jpg",
                   "link_url": "https://sp.booking.com/hotel/jp/ibis-styles-osaka.html?aid=1138078&label=ios_city_new_card&checkin=2018-04-29&checkout=2018-04-30",
                   "min_price": 170110,
                   "review_score": 7.8,
                   "review_count": 2778,
                   "review_score_word": "좋음"
                   },
                   {
                   "hotel_id": 321748,
                   "hotel_name": "호텔 몬토레 그라스미아 오사카",
                   "image_url": "https://q-xx.bstatic.com/images/hotel/max500/714/7143176.jpg",
                   "link_url": "https://sp.booking.com/hotel/jp/monterey-grasmere.html?aid=1138078&label=ios_city_new_card&checkin=2018-04-29&checkout=2018-04-30",
                   "min_price": 288023,
                   "review_score": 8.4,
                   "review_count": 2987,
                   "review_score_word": "매우 좋음"
                   },
                   {
                   "hotel_id": 3028592,
                   "hotel_name": "소테츠 프레사 인 오사카 요도야바시",
                   "image_url": "https://q-xx.bstatic.com/images/hotel/max500/126/126276316.jpg",
                   "link_url": "https://sp.booking.com/hotel/jp/sotetsu-fresa-inn-osaka-yodoyabashi.html?aid=1138078&label=ios_city_new_card&checkin=2018-04-29&checkout=2018-04-30",
                   "min_price": 121507,
                   "review_score": null,
                   "review_count": 0,
                   "review_score_word": null
                   },
                   {
                   "hotel_id": 381598,
                   "hotel_name": "더 웨스틴 오사카",
                   "image_url": "https://q-xx.bstatic.com/images/hotel/max500/180/18061405.jpg",
                   "link_url": "https://sp.booking.com/hotel/jp/westin-osaka.html?aid=1138078&label=ios_city_new_card&checkin=2018-04-29&checkout=2018-04-30",
                   "min_price": 364522,
                   "review_score": 8.8,
                   "review_count": 1016,
                   "review_score_word": "우수함"
                   },
                   {
                   "hotel_id": 235420,
                   "hotel_name": "리츠칼튼 오사카 ",
                   "image_url": "https://q-xx.bstatic.com/images/hotel/max500/697/69756770.jpg",
                   "link_url": "https://sp.booking.com/hotel/jp/the-ritz-carlton-osaka.html?aid=1138078&label=ios_city_new_card&checkin=2018-04-29&checkout=2018-04-30",
                   "min_price": 491720,
                   "review_score": 9.2,
                   "review_count": 994,
                   "review_score_word": "최고"
                   },
                   {
                   "hotel_id": 771805,
                   "hotel_name": "미쓰이 가든 호텔 오사카 프리미어 ",
                   "image_url": "https://q-xx.bstatic.com/images/hotel/max500/930/93024056.jpg",
                   "link_url": "https://sp.booking.com/hotel/jp/mitsui-garden-osaka-premier.html?aid=1138078&label=ios_city_new_card&checkin=2018-04-29&checkout=2018-04-30",
                   "min_price": 241496,
                   "review_score": 8.7,
                   "review_count": 1968,
                   "review_score_word": "우수함"
                   }
                   ],
        "popular_guide_tour_offers": [
                                      {
                                      "id": 4302,
                                      "locale": "ko",
                                      "status": "onsale",
                                      "score": 4.92,
                                      "title": "간사이공항  픽업 서비스 OR 공항픽업 오사카 교토투어",
                                      "subtitle": "공항에서 숙소까지 또는 숙소에서 공항까지",
                                      "type": "Tour",
                                      "allow_quick_reservation": true,
                                      "price_guarantee": false,
                                      "category_info": {
                                      "code": "guide_tour",
                                      "name": "가이드 투어"
                                      },
                                      "main_price": {
                                      "amount": 31869,
                                      "currency_code": "KRW",
                                      "currency_symbol": "₩",
                                      "present": "₩ 31,869",
                                      "krw_amount": 31869
                                      },
                                      "original_price": {
                                      "amount": null,
                                      "currency_code": "KRW",
                                      "currency_symbol": "₩",
                                      "present": null,
                                      "krw_amount": null
                                      },
                                      "photos": [
                                                 {
                                                 "offer_id": 4302,
                                                 "position": 5,
                                                 "description": null,
                                                 "url_style_pattern": "https://d32w679339tzui.cloudfront.net/offer_photos/4302/107615_{style}_1487722648.jpg?1487722648",
                                                 "urls": {
                                                 "original": "https://d32w679339tzui.cloudfront.net/offer_photos/4302/107615_original_1487722648.jpg?1487722648",
                                                 "large": "https://d32w679339tzui.cloudfront.net/offer_photos/4302/107615_large_1487722648.jpg?1487722648",
                                                 "medium": "https://d32w679339tzui.cloudfront.net/offer_photos/4302/107615_medium_1487722648.jpg?1487722648",
                                                 "small": "https://d32w679339tzui.cloudfront.net/offer_photos/4302/107615_small_1487722648.jpg?1487722648",
                                                 "thumb": "https://d32w679339tzui.cloudfront.net/offer_photos/4302/107615_thumb_1487722648.jpg?1487722648",
                                                 "regular_medium": "https://d32w679339tzui.cloudfront.net/offer_photos/4302/107615_regular_medium_1487722648.jpg?1487722648"
                                                 }
                                                 }
                                                 ],
                                      "descriptive_images": []
                                      },
                                      {
                                      "id": 9416,
                                      "locale": "ko",
                                      "status": "onsale",
                                      "score": 4.72531214528944,
                                      "title": "[인천/김해/김포/부산항 무료수령]일본 LTE 포켓 WiFi +보조배터리무료 ",
                                      "subtitle": " 포켓 와이파이 단말기 및 충전기 셋트+보조배터리 무료대여+멀티플러그",
                                      "type": "ETicket",
                                      "allow_quick_reservation": true,
                                      "price_guarantee": false,
                                      "category_info": {
                                      "code": "utility",
                                      "name": "여행편의"
                                      },
                                      "main_price": {
                                      "amount": 4200,
                                      "currency_code": "KRW",
                                      "currency_symbol": "₩",
                                      "present": "₩ 4,200",
                                      "krw_amount": 4200
                                      },
                                      "original_price": {
                                      "amount": null,
                                      "currency_code": "KRW",
                                      "currency_symbol": "₩",
                                      "present": null,
                                      "krw_amount": null
                                      },
                                      "photos": [
                                                 {
                                                 "offer_id": 9416,
                                                 "position": 6,
                                                 "description": null,
                                                 "url_style_pattern": "https://d32w679339tzui.cloudfront.net/offer_photos/9416/138073_{style}_1497444092.jpg?1497444092",
                                                 "urls": {
                                                 "original": "https://d32w679339tzui.cloudfront.net/offer_photos/9416/138073_original_1497444092.jpg?1497444092",
                                                 "large": "https://d32w679339tzui.cloudfront.net/offer_photos/9416/138073_large_1497444092.jpg?1497444092",
                                                 "medium": "https://d32w679339tzui.cloudfront.net/offer_photos/9416/138073_medium_1497444092.jpg?1497444092",
                                                 "small": "https://d32w679339tzui.cloudfront.net/offer_photos/9416/138073_small_1497444092.jpg?1497444092",
                                                 "thumb": "https://d32w679339tzui.cloudfront.net/offer_photos/9416/138073_thumb_1497444092.jpg?1497444092",
                                                 "regular_medium": "https://d32w679339tzui.cloudfront.net/offer_photos/9416/138073_regular_medium_1497444092.jpg?1497444092"
                                                 }
                                                 }
                                                 ],
                                      "descriptive_images": []
                                      },
                                      {
                                      "id": 2617,
                                      "locale": "ko",
                                      "status": "onsale",
                                      "score": 4.93333333333333,
                                      "title": "즐거운 오사카 교토 맞춤투어 (즐거운 가족여행)",
                                      "subtitle": "1일 코스를 고객님께 맞추어드리는 상품입니다",
                                      "type": "Tour",
                                      "allow_quick_reservation": true,
                                      "price_guarantee": false,
                                      "category_info": {
                                      "code": "guide_tour",
                                      "name": "가이드 투어"
                                      },
                                      "main_price": {
                                      "amount": 78447,
                                      "currency_code": "KRW",
                                      "currency_symbol": "₩",
                                      "present": "₩ 78,447",
                                      "krw_amount": 78447
                                      },
                                      "original_price": {
                                      "amount": null,
                                      "currency_code": "KRW",
                                      "currency_symbol": "₩",
                                      "present": null,
                                      "krw_amount": null
                                      },
                                      "photos": [
                                                 {
                                                 "offer_id": 2617,
                                                 "position": 6,
                                                 "description": null,
                                                 "url_style_pattern": "https://d32w679339tzui.cloudfront.net/offer_photos/2617/107768_{style}_1487737757.jpg?1487737757",
                                                 "urls": {
                                                 "original": "https://d32w679339tzui.cloudfront.net/offer_photos/2617/107768_original_1487737757.jpg?1487737757",
                                                 "large": "https://d32w679339tzui.cloudfront.net/offer_photos/2617/107768_large_1487737757.jpg?1487737757",
                                                 "medium": "https://d32w679339tzui.cloudfront.net/offer_photos/2617/107768_medium_1487737757.jpg?1487737757",
                                                 "small": "https://d32w679339tzui.cloudfront.net/offer_photos/2617/107768_small_1487737757.jpg?1487737757",
                                                 "thumb": "https://d32w679339tzui.cloudfront.net/offer_photos/2617/107768_thumb_1487737757.jpg?1487737757",
                                                 "regular_medium": "https://d32w679339tzui.cloudfront.net/offer_photos/2617/107768_regular_medium_1487737757.jpg?1487737757"
                                                 }
                                                 }
                                                 ],
                                      "descriptive_images": []
                                      },
                                      {
                                      "id": 5554,
                                      "locale": "ko",
                                      "status": "onsale",
                                      "score": 4.9574203187251,
                                      "title": "[무료배송] 라피트 왕복티켓 교환권 (간사이-난바 )",
                                      "subtitle": "오사카 간사이 공항에서 난바역까지 빠르고 싸게!",
                                      "type": "DeliveryTicket",
                                      "allow_quick_reservation": true,
                                      "price_guarantee": true,
                                      "category_info": {
                                      "code": "ticket",
                                      "name": "티켓/교통패스"
                                      },
                                      "main_price": {
                                      "amount": 19600,
                                      "currency_code": "KRW",
                                      "currency_symbol": "₩",
                                      "present": "₩ 19,600",
                                      "krw_amount": 19600
                                      },
                                      "original_price": {
                                      "amount": 23396,
                                      "currency_code": "KRW",
                                      "currency_symbol": "₩",
                                      "present": "₩ 23,396",
                                      "krw_amount": 23396
                                      },
                                      "photos": [
                                                 {
                                                 "offer_id": 5554,
                                                 "position": 1,
                                                 "description": null,
                                                 "url_style_pattern": "https://d32w679339tzui.cloudfront.net/offer_photos/5554/26990_{style}_1447828323.jpg?1447828323",
                                                 "urls": {
                                                 "original": "https://d32w679339tzui.cloudfront.net/offer_photos/5554/26990_original_1447828323.jpg?1447828323",
                                                 "large": "https://d32w679339tzui.cloudfront.net/offer_photos/5554/26990_large_1447828323.jpg?1447828323",
                                                 "medium": "https://d32w679339tzui.cloudfront.net/offer_photos/5554/26990_medium_1447828323.jpg?1447828323",
                                                 "small": "https://d32w679339tzui.cloudfront.net/offer_photos/5554/26990_small_1447828323.jpg?1447828323",
                                                 "thumb": "https://d32w679339tzui.cloudfront.net/offer_photos/5554/26990_thumb_1447828323.jpg?1447828323",
                                                 "regular_medium": "https://d32w679339tzui.cloudfront.net/offer_photos/5554/26990_regular_medium_1447828323.jpg?1447828323"
                                                 }
                                                 }
                                                 ],
                                      "descriptive_images": []
                                      },
                                      {
                                      "id": 6490,
                                      "locale": "ko",
                                      "status": "onsale",
                                      "score": 4.82051282051282,
                                      "title": "<가족여행> 실속있는 교토 알짜일일투어~",
                                      "subtitle": "일본말을 모르셔도 OK,  길을 모르셔도 OK  오사카 현지 가이드 김하나와  함께 합니다!",
                                      "type": "Tour",
                                      "allow_quick_reservation": true,
                                      "price_guarantee": false,
                                      "category_info": {
                                      "code": "guide_tour",
                                      "name": "가이드 투어"
                                      },
                                      "main_price": {
                                      "amount": 147089,
                                      "currency_code": "KRW",
                                      "currency_symbol": "₩",
                                      "present": "₩ 147,089",
                                      "krw_amount": 147089
                                      },
                                      "original_price": {
                                      "amount": null,
                                      "currency_code": "KRW",
                                      "currency_symbol": "₩",
                                      "present": null,
                                      "krw_amount": null
                                      },
                                      "photos": [
                                                 {
                                                 "offer_id": 6490,
                                                 "position": 1,
                                                 "description": null,
                                                 "url_style_pattern": "https://d32w679339tzui.cloudfront.net/offer_photos/6490/43661_{style}_1462361188.jpg?1462361188",
                                                 "urls": {
                                                 "original": "https://d32w679339tzui.cloudfront.net/offer_photos/6490/43661_original_1462361188.jpg?1462361188",
                                                 "large": "https://d32w679339tzui.cloudfront.net/offer_photos/6490/43661_large_1462361188.jpg?1462361188",
                                                 "medium": "https://d32w679339tzui.cloudfront.net/offer_photos/6490/43661_medium_1462361188.jpg?1462361188",
                                                 "small": "https://d32w679339tzui.cloudfront.net/offer_photos/6490/43661_small_1462361188.jpg?1462361188",
                                                 "thumb": "https://d32w679339tzui.cloudfront.net/offer_photos/6490/43661_thumb_1462361188.jpg?1462361188",
                                                 "regular_medium": "https://d32w679339tzui.cloudfront.net/offer_photos/6490/43661_regular_medium_1462361188.jpg?1462361188"
                                                 }
                                                 }
                                                 ],
                                      "descriptive_images": []
                                      },
                                      {
                                      "id": 5683,
                                      "locale": "ko",
                                      "status": "onsale",
                                      "score": 4.91884328358209,
                                      "title": "오사카 유니버셜 스튜디오 재팬 입장권",
                                      "subtitle": "일본 최고의 테마파크 중 한 곳인 유니버셜 스튜디오 재팬 입장권을 통해 영화에서만 보던 장면이 그대로 재현된 놀이기구를 즐겨보세요!",
                                      "type": "ETicket",
                                      "allow_quick_reservation": true,
                                      "price_guarantee": false,
                                      "category_info": {
                                      "code": "ticket",
                                      "name": "티켓/교통패스"
                                      },
                                      "main_price": {
                                      "amount": 77900,
                                      "currency_code": "KRW",
                                      "currency_symbol": "₩",
                                      "present": "₩ 77,900",
                                      "krw_amount": 77900
                                      },
                                      "original_price": {
                                      "amount": null,
                                      "currency_code": "KRW",
                                      "currency_symbol": "₩",
                                      "present": null,
                                      "krw_amount": null
                                      },
                                      "photos": [
                                                 {
                                                 "offer_id": 5683,
                                                 "position": 1,
                                                 "description": null,
                                                 "url_style_pattern": "https://d32w679339tzui.cloudfront.net/offer_photos/5683/27688_{style}_1448615852.jpg?1448615852",
                                                 "urls": {
                                                 "original": "https://d32w679339tzui.cloudfront.net/offer_photos/5683/27688_original_1448615852.jpg?1448615852",
                                                 "large": "https://d32w679339tzui.cloudfront.net/offer_photos/5683/27688_large_1448615852.jpg?1448615852",
                                                 "medium": "https://d32w679339tzui.cloudfront.net/offer_photos/5683/27688_medium_1448615852.jpg?1448615852",
                                                 "small": "https://d32w679339tzui.cloudfront.net/offer_photos/5683/27688_small_1448615852.jpg?1448615852",
                                                 "thumb": "https://d32w679339tzui.cloudfront.net/offer_photos/5683/27688_thumb_1448615852.jpg?1448615852",
                                                 "regular_medium": "https://d32w679339tzui.cloudfront.net/offer_photos/5683/27688_regular_medium_1448615852.jpg?1448615852"
                                                 }
                                                 }
                                                 ],
                                      "descriptive_images": []
                                      }
                                      ]
    }
}
